<?xml version="1.0" encoding="UTF-8" standalone="yes"?>
<!-- Copyright (C) 2016 The Android Open Source Project

     Licensed under the Apache License, Version 2.0 (the "License");
     you may not use this file except in compliance with the License.
     You may obtain a copy of the License at

          http://www.apache.org/licenses/LICENSE-2.0

     Unless required by applicable law or agreed to in writing, software
     distributed under the License is distributed on an "AS IS" BASIS,
     WITHOUT WARRANTIES OR CONDITIONS OF ANY KIND, either express or implied.
     See the License for the specific language governing permissions and
     limitations under the License.
-->

<audioPolicyConfiguration version="1.0" xmlns:xi="http://www.w3.org/2001/XInclude">
    <globalConfiguration speaker_drc_enabled="true"/>

    <modules>
        <module name="primary" halVersion="2.0">
            <attachedDevices>
                <item>Speaker</item>
                <item>Earpiece</item>
                <item>Telephony Tx</item>
                <item>Built-In Mic</item>
                <item>Built-In Back Mic</item>
                <item>Telephony Rx</item>
            </attachedDevices>
            <defaultOutputDevice>Speaker</defaultOutputDevice>
            <mixPorts>
                <mixPort name="primary output" role="source" flags="AUDIO_OUTPUT_FLAG_PRIMARY|AUDIO_OUTPUT_FLAG_FAST">
                    <profile name="" format="AUDIO_FORMAT_PCM_16_BIT"
                             samplingRates="44100,48000" channelMasks="AUDIO_CHANNEL_OUT_STEREO"/>
                </mixPort>
                <mixPort name="deep_buffer" role="source"
                        flags="AUDIO_OUTPUT_FLAG_DEEP_BUFFER">
                    <profile name="" format="AUDIO_FORMAT_PCM_16_BIT"
                             samplingRates="8000,11025,12000,16000,22050,24000,32000,44100,48000"
                             channelMasks="AUDIO_CHANNEL_OUT_STEREO"/>
                </mixPort>
                <mixPort name="compressed_offload" role="source"
                         flags="AUDIO_OUTPUT_FLAG_DIRECT|AUDIO_OUTPUT_FLAG_COMPRESS_OFFLOAD|AUDIO_OUTPUT_FLAG_NON_BLOCKING">
                    <profile name="" format="AUDIO_FORMAT_MP3"
                             samplingRates="8000,11025,12000,16000,22050,24000,32000,44100,48000"
                             channelMasks="AUDIO_CHANNEL_OUT_STEREO,AUDIO_CHANNEL_OUT_MONO"/>
                    <profile name="" format="AUDIO_FORMAT_AAC_LC"
                             samplingRates="8000,11025,12000,16000,22050,24000,32000,44100,48000,88200,96000"
                             channelMasks="AUDIO_CHANNEL_OUT_STEREO,AUDIO_CHANNEL_OUT_MONO"/>
                    <profile name="" format="AUDIO_FORMAT_AAC_HE_V1"
                             samplingRates="8000,11025,12000,16000,22050,24000,32000,44100,48000,88200,96000"
                             channelMasks="AUDIO_CHANNEL_OUT_STEREO,AUDIO_CHANNEL_OUT_MONO"/>
                    <profile name="" format="AUDIO_FORMAT_AAC_HE_V2"
                             samplingRates="8000,11025,12000,16000,22050,24000,32000,44100,48000,88200,96000"
                             channelMasks="AUDIO_CHANNEL_OUT_STEREO,AUDIO_CHANNEL_OUT_MONO"/>
                    <profile name="" format="AUDIO_FORMAT_FLAC"
                             samplingRates="8000,11025,12000,16000,22050,24000,32000,44100,48000,88200,96000,176400,192000"
                             channelMasks="AUDIO_CHANNEL_OUT_STEREO,AUDIO_CHANNEL_OUT_MONO"/>
                </mixPort>
                <mixPort name="voice_tx" role="source">
                    <profile name="" format="AUDIO_FORMAT_PCM_16_BIT"
                             samplingRates="8000,16000,48000" channelMasks="AUDIO_CHANNEL_OUT_STEREO,AUDIO_CHANNEL_OUT_MONO"/>
                </mixPort>
                <mixPort name="primary input" role="sink">
                    <profile name="" format="AUDIO_FORMAT_PCM_16_BIT"
                             samplingRates="8000,11025,12000,16000,22050,24000,32000,44100,48000"
                             channelMasks="AUDIO_CHANNEL_IN_MONO,AUDIO_CHANNEL_IN_STEREO,AUDIO_CHANNEL_IN_FRONT_BACK,AUDIO_CHANNEL_INDEX_MASK_3"/>
                </mixPort>
                <mixPort name="fast input" role="sink" flags="AUDIO_INPUT_FLAG_FAST">
                    <profile name="" format="AUDIO_FORMAT_PCM_16_BIT"
                             samplingRates="8000,11025,12000,16000,22050,24000,32000,44100,48000"
                             channelMasks="AUDIO_CHANNEL_IN_MONO,AUDIO_CHANNEL_IN_STEREO,AUDIO_CHANNEL_IN_FRONT_BACK,AUDIO_CHANNEL_INDEX_MASK_3"/>
                </mixPort>
                <mixPort name="voice_rx" role="sink">
                    <profile name="" format="AUDIO_FORMAT_PCM_16_BIT"
                             samplingRates="8000,16000,48000" channelMasks="AUDIO_CHANNEL_IN_STEREO,AUDIO_CHANNEL_IN_MONO"/>
                </mixPort>
            </mixPorts>
            <devicePorts>
                <devicePort tagName="Earpiece" type="AUDIO_DEVICE_OUT_EARPIECE" role="sink">
                   <profile name="" format="AUDIO_FORMAT_PCM_16_BIT"
                            samplingRates="48000" channelMasks="AUDIO_CHANNEL_IN_MONO"/>
                </devicePort>
                <devicePort tagName="Speaker" type="AUDIO_DEVICE_OUT_SPEAKER" role="sink">
                    <profile name="" format="AUDIO_FORMAT_PCM_16_BIT"
                             samplingRates="48000" channelMasks="AUDIO_CHANNEL_OUT_STEREO"/>
                </devicePort>
                <devicePort tagName="Wired Headset" type="AUDIO_DEVICE_OUT_WIRED_HEADSET" role="sink">
                    <profile name="" format="AUDIO_FORMAT_PCM_16_BIT"
                             samplingRates="48000" channelMasks="AUDIO_CHANNEL_OUT_STEREO"/>
                </devicePort>
                <devicePort tagName="Wired Headphones" type="AUDIO_DEVICE_OUT_WIRED_HEADPHONE" role="sink">
                    <profile name="" format="AUDIO_FORMAT_PCM_16_BIT"
                             samplingRates="48000" channelMasks="AUDIO_CHANNEL_OUT_STEREO"/>
                </devicePort>
                <devicePort tagName="Line" type="AUDIO_DEVICE_OUT_LINE" role="sink">
                    <profile name="" format="AUDIO_FORMAT_PCM_16_BIT"
                             samplingRates="48000" channelMasks="AUDIO_CHANNEL_OUT_STEREO"/>
                </devicePort>
                <devicePort tagName="BT SCO" type="AUDIO_DEVICE_OUT_BLUETOOTH_SCO" role="sink">
                    <profile name="" format="AUDIO_FORMAT_PCM_16_BIT"
                             samplingRates="8000,16000" channelMasks="AUDIO_CHANNEL_OUT_MONO"/>
                </devicePort>
                <devicePort tagName="BT SCO Headset" type="AUDIO_DEVICE_OUT_BLUETOOTH_SCO_HEADSET" role="sink">
                    <profile name="" format="AUDIO_FORMAT_PCM_16_BIT"
                             samplingRates="8000,16000" channelMasks="AUDIO_CHANNEL_OUT_MONO"/>
                </devicePort>
                <devicePort tagName="BT SCO Car Kit" type="AUDIO_DEVICE_OUT_BLUETOOTH_SCO_CARKIT" role="sink">
                    <profile name="" format="AUDIO_FORMAT_PCM_16_BIT"
                             samplingRates="8000,16000" channelMasks="AUDIO_CHANNEL_OUT_MONO"/>
                </devicePort>
                <devicePort tagName="BT SCO All" type="AUDIO_DEVICE_OUT_ALL_SCO" role="sink">
                    <profile name="" format="AUDIO_FORMAT_PCM_16_BIT"
                             samplingRates="8000,16000" channelMasks="AUDIO_CHANNEL_OUT_MONO"/>
                </devicePort>
                <devicePort tagName="Telephony Tx" type="AUDIO_DEVICE_OUT_TELEPHONY_TX" role="sink">
                    <profile name="" format="AUDIO_FORMAT_PCM_16_BIT"
                             samplingRates="8000,16000" channelMasks="AUDIO_CHANNEL_OUT_MONO,AUDIO_CHANNEL_OUT_STEREO"/>
                </devicePort>

                <devicePort tagName="Built-In Mic" type="AUDIO_DEVICE_IN_BUILTIN_MIC" role="source">
                    <profile name="" format="AUDIO_FORMAT_PCM_16_BIT"
                             samplingRates="8000,11025,12000,16000,22050,24000,32000,44100,48000"
                             channelMasks="AUDIO_CHANNEL_IN_MONO,AUDIO_CHANNEL_IN_STEREO,AUDIO_CHANNEL_IN_FRONT_BACK"/>
                </devicePort>
                <devicePort tagName="Built-In Back Mic" type="AUDIO_DEVICE_IN_BACK_MIC" role="source">
                    <profile name="" format="AUDIO_FORMAT_PCM_16_BIT"
                             samplingRates="8000,11025,12000,16000,22050,24000,32000,44100,48000"
                             channelMasks="AUDIO_CHANNEL_IN_MONO,AUDIO_CHANNEL_IN_STEREO,AUDIO_CHANNEL_IN_FRONT_BACK"/>
                </devicePort>
                <devicePort tagName="Wired Headset Mic" type="AUDIO_DEVICE_IN_WIRED_HEADSET" role="source">
                    <profile name="" format="AUDIO_FORMAT_PCM_16_BIT"
                             samplingRates="8000,11025,12000,16000,22050,24000,32000,44100,48000"
                             channelMasks="AUDIO_CHANNEL_IN_MONO,AUDIO_CHANNEL_IN_STEREO,AUDIO_CHANNEL_IN_FRONT_BACK"/>
                </devicePort>
                <devicePort tagName="BT SCO Headset Mic" type="AUDIO_DEVICE_IN_BLUETOOTH_SCO_HEADSET" role="source">
                    <profile name="" format="AUDIO_FORMAT_PCM_16_BIT"
                             samplingRates="8000,16000" channelMasks="AUDIO_CHANNEL_IN_MONO"/>
                </devicePort>
                <devicePort tagName="Telephony Rx" type="AUDIO_DEVICE_IN_TELEPHONY_RX" role="source">
                    <profile name="" format="AUDIO_FORMAT_PCM_16_BIT"
                             samplingRates="8000,16000,48000" channelMasks="AUDIO_CHANNEL_IN_MONO"/>
                </devicePort>
            </devicePorts>
            <routes>
                <route type="mix" sink="Earpiece"
                       sources="primary output,deep_buffer"/>
                <route type="mix" sink="Speaker"
                       sources="primary output,deep_buffer,compressed_offload"/>
                <route type="mix" sink="Wired Headset"
                       sources="primary output,deep_buffer,compressed_offload"/>
                <route type="mix" sink="Wired Headphones"
                       sources="primary output,deep_buffer,compressed_offload"/>
                <route type="mix" sink="Line"
                       sources="primary output,deep_buffer,compressed_offload"/>
                <route type="mix" sink="BT SCO"
                       sources="primary output,deep_buffer"/>
                <route type="mix" sink="BT SCO Headset"
                       sources="primary output,deep_buffer"/>
                <route type="mix" sink="BT SCO Car Kit"
                       sources="primary output,deep_buffer"/>
                <route type="mix" sink="BT SCO All"
                       sources="primary output,deep_buffer"/>
                <route type="mix" sink="Telephony Tx"
                       sources="voice_tx"/>
                <route type="mix" sink="primary input"
                       sources="Built-In Mic,Built-In Back Mic,Wired Headset Mic,BT SCO Headset Mic"/>
                <route type="mix" sink="fast input"
                       sources="Built-In Mic,Built-In Back Mic,Wired Headset Mic,BT SCO Headset Mic"/>
                <route type="mix" sink="voice_rx"
                       sources="Telephony Rx"/>
            </routes>

        </module>

        <!-- A2dp Audio HAL -->
        <xi:include href="/vendor/etc/a2dp_audio_policy_configuration.xml"/>

        <!-- Usb Audio HAL -->
        <xi:include href="/vendor/etc/usb_audio_policy_configuration.xml"/>

        <!-- Remote Submix Audio HAL -->
        <xi:include href="/vendor/etc/r_submix_audio_policy_configuration.xml"/>

    </modules>

    <!-- Volume section -->
    <xi:include href="/vendor/etc/audio_policy_volumes.xml"/>
    <xi:include href="/vendor/etc/default_volume_tables.xml"/>

</audioPolicyConfiguration>
