<?xml version="1.0" encoding="ISO-8859-1"?>
<mixer>
	<!-- These are the initial mixer settings -->
	<ctl name="Voice Rx Device Mute" id="0" value="0" />
	<ctl name="Voice Rx Device Mute" id="1" value="-1" />
	<ctl name="Voice Rx Device Mute" id="2" value="20" />
	<ctl name="Voice Tx Mute" id="0" value="0" />
	<ctl name="Voice Tx Mute" id="1" value="-1" />
	<ctl name="Voice Tx Mute" id="2" value="500" />
	<ctl name="Voice Rx Gain" id="0" value="0" />
	<ctl name="Voice Rx Gain" id="1" value="-1" />
	<ctl name="Voice Rx Gain" id="2" value="20" />
	<ctl name="Voip Tx Mute" id="0" value="0" />
	<ctl name="Voip Tx Mute" id="1" value="500" />
	<ctl name="Voip Rx Gain" id="0" value="0" />
	<ctl name="Voip Rx Gain" id="1" value="20" />
	<ctl name="IN1L Mux" value="A" />
	<ctl name="IN1R Mux" value="A" />
	<ctl name="IN1L Volume" value="18" />
	<ctl name="IN1R Volume" value="18" />
	<ctl name="IN2L Volume" value="18" />
	<ctl name="IN1L Digital Volume" value="128" />
	<ctl name="IN1R Digital Volume" value="128" />
	<ctl name="IN2L Digital Volume" value="128" />
	<ctl name="IN HPF Cutoff Frequency" value="40Hz" />
	<ctl name="IN1L HPF Switch" value="1" />
	<ctl name="IN1R HPF Switch" value="1" />
	<ctl name="IN2L HPF Switch" value="1" />
	<ctl name="SLIMTX1 Input 1" value="None" />
	<ctl name="SLIMTX2 Input 1" value="None" />
	<ctl name="SLIMTX3 Input 1" value="None" />
	<ctl name="AIF1TX1 Input 1" value="None" />
	<ctl name="AIF1TX1 Input 2" value="None" />
	<ctl name="AIF1TX1 Input 3" value="None" />
	<ctl name="AIF1TX1 Input 1 Volume" value="0" />
	<ctl name="AIF1TX1 Input 2 Volume" value="0" />
	<ctl name="AIF1TX1 Input 3 Volume" value="0" />
	<ctl name="AIF1TX2 Input 1" value="None" />
	<ctl name="AIF1TX2 Input 2" value="None" />
	<ctl name="AIF1TX2 Input 3" value="None" />
	<ctl name="AIF1TX2 Input 1 Volume" value="0" />
	<ctl name="AIF1TX2 Input 2 Volume" value="0" />
	<ctl name="AIF1TX2 Input 3 Volume" value="0" />
	<ctl name="SLIMTX5 Input 1" value="None" />
	<ctl name="SLIMTX6 Input 1" value="None" />
	<ctl name="OUT1L Input 1" value="None" />
	<ctl name="OUT1R Input 1" value="None" />
	<ctl name="OUT1 Digital Volume" id="0" value="0" />
	<ctl name="OUT1 Digital Volume" id="1" value="0" />
	<ctl name="OUT1 Digital Switch" id="0" value="0" />
	<ctl name="OUT1 Digital Switch" id="1" value="0" />
	<ctl name="Voip Mode Config" value="12" />
	<ctl name="Voip Rate Config" value="0" />
	<ctl name="Voip Evrc Min Max Rate Config" id="0" value="1" />
	<ctl name="Voip Evrc Min Max Rate Config" id="1" value="4" />
	<ctl name="Voip Dtx Mode" value="0" />
	<ctl name="TTY Mode" value="OFF" />
	<ctl name="SLIMBUS_3_RX Port Mixer MI2S_TX" value="0" />
	<ctl name="HDMI_RX Port Mixer MI2S_TX" value="0" />
	<ctl name="SLIMBUS_0_RX Port Mixer SLIM_0_TX" value="0" />
	<ctl name="SLIMBUS_0_RX Port Mixer SEC_AUX_PCM_UL_TX" value="0" />
	<ctl name="SEC_AUX_PCM_RX Audio Mixer MultiMedia7" value="0" />
	<ctl name="SEC_AUX_PCM_RX Audio Mixer MultiMedia10" value="0" />
	<ctl name="SEC_AUX_PCM_RX Audio Mixer MultiMedia11" value="0" />
	<ctl name="SEC_AUX_PCM_RX Audio Mixer MultiMedia12" value="0" />
	<ctl name="SEC_AUX_PCM_RX Audio Mixer MultiMedia13" value="0" />
	<ctl name="SEC_AUX_PCM_RX Audio Mixer MultiMedia14" value="0" />
	<ctl name="SEC_AUX_PCM_RX Audio Mixer MultiMedia15" value="0" />
	<ctl name="SEC_AUX_PCM_RX Audio Mixer MultiMedia16" value="0" />
	<ctl name="SLIMBUS_4_RX Audio Mixer MultiMedia1" value="0" />
	<ctl name="SLIMBUS_4_RX Audio Mixer MultiMedia2" value="0" />
	<ctl name="MultiMedia5 Mixer SLIM_0_TX" value="0" />
	<ctl name="MultiMedia5 Mixer AFE_PCM_TX" value="0" />
	<ctl name="MultiMedia1 Mixer MI2S_TX" value="0" />
	<ctl name="MultiMedia1 Mixer SLIM_0_TX" value="0" />
	<ctl name="MultiMedia1 Mixer SLIM_4_TX" value="0" />
	<ctl name="MultiMedia1 Mixer INTERNAL_BT_SCO_TX" value="0" />
	<ctl name="MultiMedia1 Mixer QUAT_MI2S_TX" value="0" />
	<ctl name="MultiMedia5 Mixer QUAT_MI2S_TX" value="0" />
	<ctl name="MultiMedia5 Mixer INTERNAL_BT_SCO_TX" value="0" />
	<ctl name="MultiMedia5 Mixer SEC_AUX_PCM_TX" value="0" />
	<ctl name="HDMI Mixer MultiMedia1" value="0" />
	<ctl name="HDMI Mixer MultiMedia2" value="0" />
	<ctl name="HDMI Mixer MultiMedia3" value="0" />
	<ctl name="HDMI Mixer MultiMedia4" value="0" />
	<ctl name="HDMI Mixer MultiMedia5" value="0" />
	<ctl name="HDMI Mixer MultiMedia7" value="0" />
	<ctl name="HDMI Mixer MultiMedia10" value="0" />
	<ctl name="HDMI Mixer MultiMedia11" value="0" />
	<ctl name="HDMI Mixer MultiMedia12" value="0" />
	<ctl name="HDMI Mixer MultiMedia13" value="0" />
	<ctl name="HDMI Mixer MultiMedia14" value="0" />
	<ctl name="HDMI Mixer MultiMedia15" value="0" />
	<ctl name="HDMI Mixer MultiMedia16" value="0" />
	<ctl name="SLIMBUS_0_RX Audio Mixer MultiMedia1" value="0" />
	<ctl name="SLIMBUS_0_RX Audio Mixer MultiMedia2" value="0" />
	<ctl name="SLIMBUS_0_RX Audio Mixer MultiMedia3" value="0" />
	<ctl name="SLIMBUS_0_RX Audio Mixer MultiMedia4" value="0" />
	<ctl name="SLIMBUS_0_RX Audio Mixer MultiMedia5" value="0" />
	<ctl name="SLIMBUS_0_RX Audio Mixer MultiMedia7" value="0" />
	<ctl name="SLIMBUS_0_RX Audio Mixer MultiMedia10" value="0" />
	<ctl name="SLIMBUS_0_RX Audio Mixer MultiMedia11" value="0" />
	<ctl name="SLIMBUS_0_RX Audio Mixer MultiMedia12" value="0" />
	<ctl name="SLIMBUS_0_RX Audio Mixer MultiMedia13" value="0" />
	<ctl name="SLIMBUS_0_RX Audio Mixer MultiMedia14" value="0" />
	<ctl name="SLIMBUS_0_RX Audio Mixer MultiMedia15" value="0" />
	<ctl name="SLIMBUS_0_RX Audio Mixer MultiMedia16" value="0" />
	<ctl name="SLIMBUS_5_RX Audio Mixer MultiMedia1" value="0" />
	<ctl name="SLIMBUS_5_RX Audio Mixer MultiMedia4" value="0" />
	<ctl name="SLIMBUS_5_RX Audio Mixer MultiMedia5" value="0" />
	<ctl name="MultiMedia6 Mixer SLIM_0_TX" value="0" />
	<ctl name="SLIM0_RX_VI_FB_LCH_MUX" value="ZERO" />
	<ctl name="SLIM_0_RX Channels" value="One" />
	<ctl name="SLIM_5_RX Channels" value="One" />
	<ctl name="SLIM_0_TX Channels" value="One" />
	<ctl name="SLIM_1_TX Channels" value="Two" />
	<ctl name="SLIM_0_TX Format" value="S16_LE" />
	<ctl name="PRI_MI2S_RX Audio Mixer MultiMedia4" value="0" />
	<ctl name="QUAT_MI2S_RX Audio Mixer MultiMedia1" value="0" />
	<ctl name="QUAT_MI2S_RX Audio Mixer MultiMedia4" value="0" />
	<ctl name="QUAT_MI2S_RX Audio Mixer MultiMedia5" value="0" />
	<ctl name="QUAT_MI2S_RX_Voice Mixer CSVoice" value="0" />
	<ctl name="QUAT_MI2S_RX_Voice Mixer VoiceMMode1" value="0" />
	<ctl name="QUAT_MI2S_RX_Voice Mixer VoiceMMode2" value="0" />
	<ctl name="QUAT_MI2S_RX_Voice Mixer Voice2" value="0" />
	<ctl name="QUAT_MI2S_RX_Voice Mixer VoLTE" value="0" />
	<ctl name="QUAT_MI2S_RX_Voice Mixer VoWLAN" value="0" />
	<ctl name="Voice_Tx Mixer QUAT_MI2S_TX_Voice" value="0" />
	<ctl name="Voice2_Tx Mixer QUAT_MI2S_TX_Voice2" value="0" />
	<ctl name="VoLTE_Tx Mixer QUAT_MI2S_TX_VoLTE" value="0" />
	<ctl name="VoWLAN_Tx Mixer QUAT_MI2S_TX_VoWLAN" value="0" />
	<ctl name="QUIN_MI2S_RX Audio Mixer MultiMedia1" value="0" />
	<ctl name="QUIN_MI2S_RX Audio Mixer MultiMedia4" value="0" />
	<ctl name="QUIN_MI2S_RX Audio Mixer MultiMedia5" value="0" />
	<ctl name="QUIN_MI2S_RX_Voice Mixer CSVoice" value="0" />
	<ctl name="QUIN_MI2S_RX_Voice Mixer VoiceMMode1" value="0" />
	<ctl name="QUIN_MI2S_RX_Voice Mixer VoiceMMode2" value="0" />
	<ctl name="QUIN_MI2S_RX_Voice Mixer Voice2" value="0" />
	<ctl name="QUIN_MI2S_RX_Voice Mixer VoLTE" value="0" />
	<ctl name="QUIN_MI2S_RX_Voice Mixer VoWLAN" value="0" />
	<ctl name="MI2S_RX Format" value="S16_LE" />
	<ctl name="Mods Enable Output Devices" value="0" />
	<ctl name="Mods Enable Input Devices" value="0" />
	<ctl name="Mods Codec Volume" value="255" />
	<ctl name="Mods Set Capture Use Case" value="Default" />
	<ctl name="AMP Gain" value="3dB" />
	<ctl name="OSPL Ext RxConfig" value="NONE" />
	<ctl name="OSPL Ext TxConfig" value="NONE" />
	<ctl name="OSPL Int RxConfig" value="NONE" />
	<ctl name="OSPL Int TxConfig" value="NONE" />
	<ctl name="OSPL Rx" value="Enable" />
	<ctl name="OSPL Tx" value="Enable" />
	<ctl name="AFE_PCM_RX_Voice Mixer VoiceMMode1" value="0" />
	<ctl name="AFE_PCM_RX_Voice Mixer VoiceMMode2" value="0" />
	<ctl name="AUX_PCM_RX_Voice Mixer VoiceMMode1" value="0" />
	<ctl name="AUX_PCM_RX_Voice Mixer VoiceMMode2" value="0" />
	<ctl name="SLIM_0_RX_Voice Mixer VoiceMMode1" value="0" />
	<ctl name="SLIM_0_RX_Voice Mixer VoiceMMode2" value="0" />
	<ctl name="VoiceMMode1_Tx Mixer AFE_PCM_TX_MMode1" value="0" />
	<ctl name="VoiceMMode1_Tx Mixer AUX_PCM_TX_MMode1" value="0" />
	<ctl name="VoiceMMode1_Tx Mixer INT_BT_SCO_TX_MMode1" value="0" />
	<ctl name="VoiceMMode1_Tx Mixer SLIM_0_TX_MMode1" value="0" />
	<ctl name="VoiceMMode1_Tx Mixer QUAT_MI2S_TX_MMode1" value="0" />
	<ctl name="VoiceMMode2_Tx Mixer AFE_PCM_TX_MMode2" value="0" />
	<ctl name="VoiceMMode2_Tx Mixer AUX_PCM_TX_MMode2" value="0" />
	<ctl name="VoiceMMode2_Tx Mixer INT_BT_SCO_TX_MMode2" value="0" />
	<ctl name="VoiceMMode2_Tx Mixer SLIM_0_TX_MMode2" value="0" />
	<ctl name="VoiceMMode2_Tx Mixer QUAT_MI2S_TX_MMode2" value="0" />
	<!-- QDSP loopback, sidetone default to off -->
	<ctl name="SLIMBUS_0_RX Port Mixer SLIM_0_TX" value="0" />
	<ctl name="SLIM0 LOOPBACK Volume" value="0" />
	<ctl name="AFE Sidetone AFE_RX" value="SLIM_RX" />
	<ctl name="AFE Sidetone Enable" value="Off" />

	<!-- AOV default settings -->
	<!-- AOV default sample rate settings -->
	<ctl name="Sample Rate 2" value="16kHz" />
	<ctl name="Sample Rate 3" value="96kHz" />
	<ctl name="In Rate" value="SYNCCLK rate 3" />
	<ctl name="FX Rate" value="SYNCCLK rate 2" />
	<ctl name="ISRC1 FSH" value="SYNCCLK rate 3" />
	<ctl name="ISRC1 FSL" value="SYNCCLK rate 2" />
	<!-- AOV default microphone 1 settings -->
	<ctl name="LHPF1 Input 1" value="None" />
	<ctl name="LHPF1 Mode" value="High-pass" />
	<ctl name="LHPF1 Coefficients" id="0" value="0xF0" />
	<ctl name="LHPF1 Coefficients" id="1" value="0xC4" />
	<ctl name="DSP2L Input 1" value="LHPF1" />
	<ctl name="DSP2L Input 1 Volume" value="48" />
	<!-- AOV default microphone 2 settings -->
	<ctl name="LHPF2 Input 1" value="None" />
	<ctl name="LHPF2 Mode" value="High-pass" />
	<ctl name="LHPF2 Coefficients" id="0" value="0xF0" />
	<ctl name="LHPF2 Coefficients" id="1" value="0xC4" />
	<ctl name="DSP2 Aux 1" value="LHPF2" />
	<!-- AOV default microphone 3 settings -->
	<ctl name="LHPF3 Input 1" value="None" />
	<ctl name="LHPF3 Mode" value="High-pass" />
	<ctl name="LHPF3 Coefficients" id="0" value="0xF0" />
	<ctl name="LHPF3 Coefficients" id="1" value="0xC4" />
	<ctl name="DSP2R Input 1" value="LHPF3" />
	<ctl name="DSP2R Input 1 Volume" value="48" />
	<!-- AOV default headset microphone settings -->
	<ctl name="DSP2 Aux 5" value="None" />
	<!-- AOV default settings end -->

	<!-- UltraSonics default settings -->
	<ctl name="Output Rate 1" value="SYNCCLK rate 3" />
	<ctl name="ISRC2 FSH" value="SYNCCLK rate 3" />
	<ctl name="ISRC2 FSL" value="SYNCCLK rate 1" />
	<ctl name="ISRC2DEC1 Input" value="IN1L" />
	<ctl name="ISRC2DEC2 Input" value="IN2L" />
	<ctl name="ISRC2DEC4 Input" value="IN1R" />
	<ctl name="ISRC2INT1 Input" value="None" />
	<ctl name="ISRC2INT2 Input" value="None" />

	<!-- echo reference -->
	<ctl name="AUDIO_REF_EC_UL1 MUX" value="None" />
	<ctl name="VOC_EXT_EC MUX" value="NONE" />
	<!-- usb headset -->
	<ctl name="AFE_PCM_RX Audio Mixer MultiMedia1" value="0" />
	<ctl name="AFE_PCM_RX Audio Mixer MultiMedia4" value="0" />
	<ctl name="AFE_PCM_RX Audio Mixer MultiMedia7" value="0" />
	<ctl name="AFE_PCM_RX Audio Mixer MultiMedia10" value="0" />
	<ctl name="AFE_PCM_RX Audio Mixer MultiMedia11" value="0" />
	<ctl name="AFE_PCM_RX Audio Mixer MultiMedia12" value="0" />
	<ctl name="AFE_PCM_RX Audio Mixer MultiMedia13" value="0" />
	<ctl name="AFE_PCM_RX Audio Mixer MultiMedia14" value="0" />
	<ctl name="AFE_PCM_RX Audio Mixer MultiMedia15" value="0" />
	<ctl name="AFE_PCM_RX Audio Mixer MultiMedia16" value="0" />
	<ctl name="MultiMedia1 Mixer AFE_PCM_TX" value="0" />
	<ctl name="AFE_PCM_RX Audio Mixer MultiMedia5" value="0" />
	<!-- usb headset end -->
	<!-- fm -->
	<ctl name="PRI MI2S LOOPBACK Volume" value="0" />
	<ctl name="SLIMBUS_0_RX Port Mixer PRI_MI2S_TX" value="0" />
	<ctl name="SLIMBUS_DL_HL Switch" value="0" />
	<ctl name="MultiMedia1 Mixer PRI_MI2S_TX" value="0" />
	<ctl name="MultiMedia2 Mixer PRI_MI2S_TX" value="0" />
	<ctl name="MultiMedia2 Mixer QUAT_MI2S_TX" value="0" />
	<!-- fm end -->

	<!-- Voice -->
	<ctl name="SLIM_0_RX_Voice Mixer CSVoice" value="0" />
	<ctl name="Voice_Tx Mixer SLIM_0_TX_Voice" value="0" />
	<!-- Voice HDMI -->
	<ctl name="HDMI_RX_Voice Mixer CSVoice" value="0" />
	<!-- Voice BTSCO -->
	<ctl name="Internal BTSCO SampleRate" value="BTSCO_RATE_8KHZ" />
	<ctl name="INTERNAL_BT_SCO_RX_Voice Mixer CSVoice" value="0" />
	<ctl name="INTERNAL_BT_SCO_RX_Voice Mixer VoiceMMode1" value="0" />
	<ctl name="INTERNAL_BT_SCO_RX_Voice Mixer VoiceMMode2" value="0" />
	<ctl name="Voice_Tx Mixer INTERNAL_BT_SCO_TX_Voice" value="0" />
	<ctl name="INTERNAL_BT_SCO_RX Audio Mixer MultiMedia1" value="0" />
	<ctl name="INTERNAL_BT_SCO_RX Audio Mixer MultiMedia4" value="0" />
	<ctl name="INTERNAL_BT_SCO_RX Audio Mixer MultiMedia5" value="0" />
	<ctl name="INTERNAL_BT_SCO_RX Audio Mixer MultiMedia6" value="0" />
	<!-- Voice USB headset -->
	<ctl name="AFE_PCM_RX_Voice Mixer CSVoice" value="0" />
	<ctl name="Voice_Tx Mixer AFE_PCM_TX_Voice" value="0" />
	<!-- Voice end-->

	<!-- Voice2 -->
	<ctl name="SLIM_0_RX_Voice Mixer Voice2" value="0" />
	<ctl name="Voice2_Tx Mixer SLIM_0_TX_Voice2" value="0" />
	<!-- Voice2 HDMI -->
	<ctl name="HDMI_RX_Voice Mixer Voice2" value="0" />
	<!-- Voice2 BTSCO -->
	<ctl name="SEC_AUX_PCM_RX_Voice Mixer Voice2" value="0" />
	<ctl name="Voice2_Tx Mixer SEC_AUX_PCM_TX_Voice2" value="0" />
	<!-- Voice2 USB headset -->
	<ctl name="AFE_PCM_RX_Voice Mixer Voice2" value="0" />
	<ctl name="Voice2_Tx Mixer AFE_PCM_TX_Voice2" value="0" />
	<!-- Voice2 end-->

	<!-- VoLTE -->
	<ctl name="SLIM_0_RX_Voice Mixer VoLTE" value="0" />
	<ctl name="VoLTE_Tx Mixer SLIM_0_TX_VoLTE" value="0" />
	<!-- VoLTE HDMI -->
	<ctl name="HDMI_RX_Voice Mixer VoLTE" value="0" />
	<!-- VoLTE BTSCO -->
	<ctl name="SEC_AUX_PCM_RX_Voice Mixer VoLTE" value="0" />
	<ctl name="VoLTE_Tx Mixer SEC_AUX_PCM_TX_VoLTE" value="0" />
	<!-- VoLTE USB headset -->
	<ctl name="AFE_PCM_RX_Voice Mixer VoLTE" value="0" />
	<ctl name="VoLTE_Tx Mixer AFE_PCM_TX_VoLTE" value="0" />
	<!-- VoLTE end-->

	<!-- Incall Recording -->
	<ctl name="MultiMedia1 Mixer VOC_REC_UL" value="0" />
	<ctl name="MultiMedia1 Mixer VOC_REC_DL" value="0" />
	<ctl name="MultiMedia8 Mixer VOC_REC_UL" value="0" />
	<ctl name="MultiMedia8 Mixer VOC_REC_DL" value="0" />
	<!-- Incall Recording End -->

	<!-- Incall Music -->
	<ctl name="Incall_Music Audio Mixer MultiMedia2" value="0" />
	<ctl name="Incall_Music_2 Audio Mixer MultiMedia9" value="0" />
	<!-- Incall Music End -->

	<!-- compress-voip-call start -->
	<ctl name="SLIM_0_RX_Voice Mixer Voip" value="0" />
	<ctl name="Voip_Tx Mixer SLIM_0_TX_Voip" value="0" />
	<ctl name="SEC_AUX_PCM_RX_Voice Mixer Voip" value="0" />
	<ctl name="Voip_Tx Mixer SEC_AUX_PCM_TX_Voip" value="0" />
	<ctl name="AFE_PCM_RX_Voice Mixer Voip" value="0" />
	<ctl name="Voip_Tx Mixer AFE_PCM_TX_Voip" value="0" />
	<!-- compress-voip-call end-->

	<!-- QCHAT start -->
	<ctl name="SLIM_0_RX_Voice Mixer QCHAT" value="0" />
	<ctl name="QCHAT_Tx Mixer SLIM_0_TX_QCHAT" value="0" />
	<ctl name="SEC_AUX_PCM_RX_Voice Mixer QCHAT" value="0" />
	<ctl name="QCHAT_Tx Mixer SEC_AUX_PCM_TX_QCHAT" value="0" />
	<!-- QCHAT end-->

	<!-- VoWLAN start -->
	<ctl name="SLIM_0_RX_Voice Mixer VoWLAN" value="0" />
	<ctl name="VoWLAN_Tx Mixer SLIM_0_TX_VoWLAN" value="0" />
	<ctl name="HDMI_RX_Voice Mixer VoWLAN" value="0" />
	<ctl name="SEC_AUX_PCM_RX_Voice Mixer VoWLAN" value="0" />
	<ctl name="VoWLAN_Tx Mixer SEC_AUX_PCM_TX_VoWLAN" value="0" />
	<ctl name="AFE_PCM_RX_Voice Mixer VoWLAN" value="0" />
	<ctl name="VoWLAN_Tx Mixer AFE_PCM_TX_VoWLAN" value="0" />
	<!-- VoWLAN end-->

	<!-- Audio BTSCO -->
	<ctl name="SEC_AUX_PCM_RX Audio Mixer MultiMedia1" value="0" />
	<ctl name="SEC_AUX_PCM_RX Audio Mixer MultiMedia4" value="0" />
	<ctl name="SEC_AUX_PCM_RX Audio Mixer MultiMedia5" value="0" />
	<ctl name="SEC_AUX_PCM_RX Audio Mixer MultiMedia6" value="0" />
	<ctl name="AUX_PCM_RX Audio Mixer MultiMedia1" value="0" />
	<ctl name="AUX_PCM_RX Audio Mixer MultiMedia4" value="0" />
	<ctl name="AUX_PCM_RX Audio Mixer MultiMedia5" value="0" />
	<ctl name="MultiMedia5 Mixer AUX_PCM_UL_TX" value="0" />
	<ctl name="MultiMedia1 Mixer AUX_PCM_UL_TX" value="0" />
	<!-- aanc handset mic -->
	<ctl name="AANC_SLIM_0_RX MUX" value="ZERO" />
	<!-- aanc handset mic end -->
	<!-- audio record compress-->
	<ctl name="MultiMedia8 Mixer SLIM_0_TX" value="0" />
	<ctl name="MultiMedia1 Mixer SEC_AUX_PCM_UL_TX" value="0" />
	<ctl name="MultiMedia8 Mixer AFE_PCM_TX" value="0" />
	<!-- audio record compress end-->
	<!-- listen -->
	<ctl name="LSM1 MUX" value="None" />
	<ctl name="LSM2 MUX" value="None" />
	<ctl name="LSM3 MUX" value="None" />
	<ctl name="LSM4 MUX" value="None" />
	<ctl name="LSM5 MUX" value="None" />
	<ctl name="LSM6 MUX" value="None" />
	<ctl name="LSM7 MUX" value="None" />
	<ctl name="LSM8 MUX" value="None" />
	<ctl name="SLIMBUS_5_TX LSM Function" value="None" />
	<!-- listen end-->
	<!-- afe-proxy -->
	<ctl name="AFE_PCM_RX Audio Mixer MultiMedia2" value="0" />
	<!-- afe-proxy end-->

	<path name="set-capture-format-default">
		<ctl name="SLIM_0_TX Format" value="S16_LE" />
	</path>

	<path name="set-capture-format-24le">
		<ctl name="SLIM_0_TX Format" value="S24_LE" />
	</path>

	<!-- These are audio route (FE to BE) specific mixer settings -->
	<path name="deep-buffer-playback">
		<ctl name="SLIMBUS_0_RX Audio Mixer MultiMedia1" value="1" />
	</path>

	<path name="deep-buffer-playback headphones">
		<ctl name="SLIMBUS_5_RX Audio Mixer MultiMedia1" value="1" />
	</path>

	<path name="deep-buffer-playback hdmi">
		<ctl name="QUIN_MI2S_RX Audio Mixer MultiMedia1" value="1" />
		<ctl name="MI2S_RX Format" value="S24_LE" />
	</path>

	<path name="deep-buffer-playback bt-sco">
		<ctl name="INTERNAL_BT_SCO_RX Audio Mixer MultiMedia1" value="1" />
	</path>

	<path name="deep-buffer-playback bt-sco-wb">
		<ctl name="Internal BTSCO SampleRate" value="BTSCO_RATE_16KHZ" />
		<path name="deep-buffer-playback bt-sco" />
	</path>

	<path name="deep-buffer-playback mod">
		<ctl name="QUAT_MI2S_RX Audio Mixer MultiMedia1" value="1" />
	</path>

	<path name="deep-buffer-playback mod-and-headphones">
		<path name="deep-buffer-playback mod" />
		<path name="deep-buffer-playback headphones" />
	</path>

	<path name="deep-buffer-playback mod-int">
		<!-- in-call playback for mod speaker + int mic -->
		<path name="deep-buffer-playback mod" />
	</path>

	<path name="deep-buffer-playback mod-ref">
		<!-- in-call playback for mod speaker + int mic -->
		<path name="deep-buffer-playback mod" />
	</path>

	<path name="deep-buffer-playback mod-and-speaker">
		<path name="deep-buffer-playback mod" />
		<path name="deep-buffer-playback" />
	</path>

	<path name="deep-buffer-playback mod-and-hdmi">
		<path name="deep-buffer-playback mod" />
		<path name="deep-buffer-playback hdmi" />
	</path>

	<path name="echo-reference">
		<ctl name="AUDIO_REF_EC_UL1 MUX" value="SLIM_RX" />
	</path>

	<path name="echo-reference mod-ref">
		<!-- echo reference from mod, EC on core DSP with int mic -->
		<ctl name="AUDIO_REF_EC_UL1 MUX" value="QUAT_MI2S_TX" />
		<ctl name="Mods Enable Input Devices" value="8" />
	</path>

	<path name="echo-reference mod">
		<!-- null case : EC is running on mod DSP -->
	</path>

	<path name="echo-reference mod-int">
		<!-- internal echo reference, EC on core DSP with int mic -->
		<ctl name="AUDIO_REF_EC_UL1 MUX" value="QUAT_MI2S_RX" />
	</path>

	<path name="echo-reference bt-sco">
	</path>

	<path name="echo-reference bt-sco-wb">
	</path>

	<path name="low-latency-playback">
		<ctl name="SLIMBUS_0_RX Audio Mixer MultiMedia5" value="1" />
	</path>

	<path name="low-latency-playback headphones">
		<ctl name="SLIMBUS_5_RX Audio Mixer MultiMedia5" value="1" />
	</path>

	<path name="low-latency-playback bt-sco">
		<ctl name="INTERNAL_BT_SCO_RX Audio Mixer MultiMedia5" value="1" />
	</path>

	<path name="low-latency-playback bt-sco-wb">
		<ctl name="Internal BTSCO SampleRate" value="BTSCO_RATE_16KHZ" />
		<path name="low-latency-playback bt-sco" />
	</path>

	<path name="low-latency-playback hdmi">
		<ctl name="QUIN_MI2S_RX Audio Mixer MultiMedia5" value="1" />
		<ctl name="MI2S_RX Format" value="S24_LE" />
	</path>

	<path name="low-latency-playback mod">
		<ctl name="QUAT_MI2S_RX Audio Mixer MultiMedia5" value="1" />
	</path>

	<path name="low-latency-playback mod-and-headphones">
		<path name="low-latency-playback mod" />
		<path name="low-latency-playback headphones" />
	</path>

	<path name="low-latency-playback mod-and-speaker">
		<path name="low-latency-playback mod" />
		<path name="low-latency-playback" />
	</path>

	<path name="low-latency-playback mod-ref">
		<!-- in-call tones for mod speaker + int mic -->
		<path name="low-latency-playback mod" />
	</path>

	<path name="low-latency-playback mod-int">
		<!-- in-call tones for mod speaker + int mic -->
		<path name="low-latency-playback mod" />
	</path>

	<path name="low-latency-playback mod-and-hdmi">
		<path name="low-latency-playback mod" />
		<path name="low-latency-playback hdmi" />
	</path>

	<path name="compress-offload-playback">
		<ctl name="SLIMBUS_0_RX Audio Mixer MultiMedia4" value="1" />
	</path>

	<path name="compress-offload-playback headphones">
		<ctl name="SLIMBUS_5_RX Audio Mixer MultiMedia4" value="1" />
	</path>

	<path name="compress-offload-playback bt-sco">
		<ctl name="INTERNAL_BT_SCO_RX Audio Mixer MultiMedia4" value="1" />
	</path>

	<path name="compress-offload-playback bt-sco-wb">
		<ctl name="Internal BTSCO SampleRate" value="BTSCO_RATE_16KHZ" />
		<path name="compress-offload-playback bt-sco" />
	</path>

	<path name="compress-offload-playback hdmi">
		<ctl name="QUIN_MI2S_RX Audio Mixer MultiMedia4" value="1" />
		<ctl name="MI2S_RX Format" value="S24_LE" />
	</path>

	<path name="compress-offload-playback mod">
		<ctl name="QUAT_MI2S_RX Audio Mixer MultiMedia4" value="1" />
	</path>

	<path name="compress-offload-playback mod-and-headphones">
		<path name="compress-offload-playback mod" />
		<path name="compress-offload-playback headphones" />
	</path>

	<path name="compress-offload-playback mod-ref">
		<!-- in-call playback for mod speaker + int mic -->
		<path name="compress-offload-playback mod" />
	</path>

	<path name="compress-offload-playback mod-int">
		<!-- in-call playback for mod speaker + int mic -->
		<path name="compress-offload-playback mod" />
	</path>

	<path name="compress-offload-playback mod-and-speaker">
		<path name="compress-offload-playback mod" />
		<path name="compress-offload-playback" />
	</path>

	<path name="compress-offload-playback mod-and-hdmi">
		<path name="compress-offload-playback mod" />
		<path name="compress-offload-playback hdmi" />
	</path>

	<path name="audio-record">
		<ctl name="MultiMedia1 Mixer SLIM_0_TX" value="1" />
	</path>

	<path name="audio-record mod">
		<ctl name="MultiMedia1 Mixer QUAT_MI2S_TX" value="1" />
	</path>

	<path name="audio-record bt-sco">
		<ctl name="MultiMedia1 Mixer INTERNAL_BT_SCO_TX" value="1" />
	</path>

	<path name="audio-record bt-sco-wb">
		<ctl name="Internal BTSCO SampleRate" value="BTSCO_RATE_16KHZ" />
		<path name="audio-record bt-sco" />
	</path>

	<path name="low-latency-record">
		<ctl name="MultiMedia5 Mixer SLIM_0_TX" value="1" />
	</path>

	<path name="low-latency-record mod">
		<ctl name="MultiMedia5 Mixer QUAT_MI2S_TX" value="1" />
	</path>

	<path name="low-latency-record bt-sco">
		<ctl name="MultiMedia5 Mixer INTERNAL_BT_SCO_TX" value="1" />
	</path>

	<path name="low-latency-record bt-sco-wb">
		<ctl name="Internal BTSCO SampleRate" value="BTSCO_RATE_16KHZ" />
		<path name="low-latency-record bt-sco" />
	</path>

	<path name="fm-virtual-record capture-fm">
		<ctl name="MultiMedia2 Mixer PRI_MI2S_TX" value="1" />
	</path>

	<path name="fm-virtual-record mod">
		<ctl name="MultiMedia2 Mixer QUAT_MI2S_TX" value="1" />
	</path>

	<path name="afe-proxy-playback afe-proxy">
	</path>

	<path name="afe-proxy-record">
	</path>

	<path name="afe-proxy-record afe-proxy">
	</path>

	<path name="voicemmode1-call">
		<ctl name="SLIM_0_RX_Voice Mixer VoiceMMode1" value="1" />
		<ctl name="VoiceMMode1_Tx Mixer SLIM_0_TX_MMode1" value="1" />
	</path>

	<path name="voicemmode1-call bt-sco">
		<ctl name="INTERNAL_BT_SCO_RX_Voice Mixer VoiceMMode1" value="1" />
		<ctl name="VoiceMMode1_Tx Mixer INT_BT_SCO_TX_MMode1" value="1" />
	</path>

	<path name="voicemmode1-call bt-sco-wb">
		<ctl name="Internal BTSCO SampleRate" value="BTSCO_RATE_16KHZ" />
		<path name="voicemmode1-call bt-sco" />
	</path>

	<path name="voicemmode1-call afe-proxy">
		<ctl name="AFE_PCM_RX_Voice Mixer VoiceMMode1" value="1" />
		<ctl name="VoiceMMode1_Tx Mixer AFE_PCM_TX_MMode1" value="1" />
	</path>

	<path name="voicemmode1-call hdmi">
		<ctl name="QUIN_MI2S_RX_Voice Mixer VoiceMMode1" value="1" />
		<ctl name="VoiceMMode1_Tx Mixer SLIM_0_TX_MMode1" value="1" />
		<ctl name="MI2S_RX Format" value="S24_LE" />
	</path>

	<path name="voicemmode1-call mod">
		<ctl name="QUAT_MI2S_RX_Voice Mixer VoiceMMode1" value="1" />
		<ctl name="VoiceMMode1_Tx Mixer QUAT_MI2S_TX_MMode1" value="1" />
	</path>

	<path name="voicemmode1-call mod-int">
		<ctl name="QUAT_MI2S_RX_Voice Mixer VoiceMMode1" value="1" />
		<ctl name="VoiceMMode1_Tx Mixer SLIM_0_TX_MMode1" value="1" />
	</path>

	<path name="voicemmode1-call mod-ref">
		<ctl name="VOC_EXT_EC MUX" value="QUAT_MI2S_TX" />
		<!-- GB_AUDIO_DEVICE_IN_EC_REF -->
		<ctl name="Mods Enable Input Devices" value="8" />
		<path name="voicemmode1-call mod-int" />
	</path>

	<path name="voicemmode2-call">
		<ctl name="SLIM_0_RX_Voice Mixer VoiceMMode2" value="1" />
		<ctl name="VoiceMMode2_Tx Mixer SLIM_0_TX_MMode2" value="1" />
	</path>

	<path name="voicemmode2-call bt-sco">
		<ctl name="INTERNAL_BT_SCO_RX_Voice Mixer VoiceMMode2" value="1" />
		<ctl name="VoiceMMode2_Tx Mixer INT_BT_SCO_TX_MMode2" value="1" />
	</path>

	<path name="voicemmode2-call bt-sco-wb">
		<ctl name="Internal BTSCO SampleRate" value="BTSCO_RATE_16KHZ" />
		<path name="voicemmode2-call bt-sco" />
	</path>

	<path name="voicemmode2-call afe-proxy">
		<ctl name="AFE_PCM_RX_Voice Mixer VoiceMMode2" value="1" />
		<ctl name="VoiceMMode2_Tx Mixer AFE_PCM_TX_MMode2" value="1" />
	</path>

	<path name="voicemmode2-call hdmi">
		<ctl name="QUIN_MI2S_RX_Voice Mixer VoiceMMode2" value="1" />
		<ctl name="VoiceMMode2_Tx Mixer SLIM_0_TX_MMode2" value="1" />
		<ctl name="MI2S_RX Format" value="S24_LE" />
	</path>

	<path name="voicemmode2-call mod">
		<ctl name="QUAT_MI2S_RX_Voice Mixer VoiceMMode2" value="1" />
		<ctl name="VoiceMMode2_Tx Mixer QUAT_MI2S_TX_MMode2" value="1" />
	</path>

	<path name="voicemmode2-call mod-int">
		<ctl name="QUAT_MI2S_RX_Voice Mixer VoiceMMode2" value="1" />
		<ctl name="VoiceMMode2_Tx Mixer SLIM_0_TX_MMode2" value="1" />
	</path>

	<path name="voicemmode2-call mod-ref">
		<ctl name="VOC_EXT_EC MUX" value="QUAT_MI2S_TX" />
		<!-- GB_AUDIO_DEVICE_IN_EC_REF -->
		<ctl name="Mods Enable Input Devices" value="8" />
		<path name="voicemmode2-call mod-int" />
	</path>

	<path name="incall-rec-uplink">
		<ctl name="MultiMedia1 Mixer VOC_REC_UL" value="1" />
	</path>

	<path name="incall-rec-uplink bt-sco">
		<path name="incall-rec-uplink" />
	</path>

	<path name="incall-rec-uplink bt-sco-wb">
		<path name="incall-rec-uplink" />
	</path>

	<path name="incall-rec-downlink">
		<ctl name="MultiMedia1 Mixer VOC_REC_DL" value="1" />
	</path>

	<path name="incall-rec-downlink bt-sco">
		<path name="incall-rec-downlink" />
	</path>

	<path name="incall-rec-downlink bt-sco-wb">
		<path name="incall-rec-downlink" />
	</path>

	<path name="incall-rec-uplink-and-downlink">
		<path name="incall-rec-uplink" />
		<path name="incall-rec-downlink" />
	</path>

	<path name="incall-rec-uplink-and-downlink bt-sco">
		<path name="incall-rec-uplink-and-downlink" />
	</path>

	<path name="incall-rec-uplink-and-downlink bt-sco-wb">
		<path name="incall-rec-uplink-and-downlink" />
	</path>

	<path name="incall_music_uplink">
		<ctl name="Incall_Music Audio Mixer MultiMedia2" value="1" />
	</path>

	<path name="incall_music_uplink bt-sco">
		<path name="incall_music_uplink" />
	</path>

	<path name="incall_music_uplink bt-sco-wb">
		<path name="incall_music_uplink" />
	</path>

	<path name="incall_music_uplink2">
		<ctl name="Incall_Music_2 Audio Mixer MultiMedia9" value="1" />
	</path>

	<path name="incall_music_uplink2 bt-sco">
		<path name="incall_music_uplink2" />
	</path>

	<path name="incall_music_uplink2 bt-sco-wb">
		<path name="incall_music_uplink2" />
	</path>

	<path name="hfp-sco">
		<ctl name="SLIMBUS_0_RX Port Mixer SEC_AUX_PCM_UL_TX" value="1" />
		<ctl name="SEC_AUX_PCM_RX Audio Mixer MultiMedia6" value="1" />
		<ctl name="MultiMedia6 Mixer SLIM_0_TX" value="1" />
		<ctl name="SLIMBUS_DL_HL Switch" value="1" />
	</path>

	<path name="hfp-sco-wb">
		<ctl name="Internal BTSCO SampleRate" value="BTSCO_RATE_16KHZ" />
		<path name="hfp-sco" />
	</path>

	<!-- These are actual sound device specific mixer settings -->

	<path name="AOV">
		<!-- Set ADC sample rate to 96kHz -->
		<ctl name="In Rate" value="SYNCCLK rate 3" />
		<!-- Microphone 1 settings -->
		<ctl name="LHPF1 Input 1" value="ISRC1DEC1" />
		<!-- Microphone 2 settings -->
		<ctl name="LHPF2 Input 1" value="ISRC1DEC2" />
		<!-- Microphone 3 settings -->
		<ctl name="LHPF3 Input 1" value="ISRC1DEC3" />
		<!-- AOV default headset microphone settings -->
		<ctl name="DSP2 Aux 5" value="ISRC1DEC3" />
	</path>

	<path name="mic1">
		<path name="AOV" />
		<ctl name="SLIMTX1 Input 1" value="ISRC2DEC1" />
	</path>

	<path name="mic2">
		<path name="AOV" />
		<ctl name="SLIMTX1 Input 1" value="ISRC2DEC2" />
	</path>

	<path name="mic3">
		<path name="AOV" />
		<ctl name="SLIMTX1 Input 1" value="ISRC2DEC4" />
	</path>

	<path name="speaker">
		<ctl name="SLIM_0_RX Channels" value="One" />
		<ctl name="AIF1TX1 Input 1" value="SLIMRX1" />
		<ctl name="AIF1TX1 Input 1 Volume" value="32" />
		<ctl name="SLIM_1_TX Channels" value="Two" />
		<ctl name="SLIMTX5 Input 1" value="AIF1RX1" />
		<ctl name="SLIMTX6 Input 1" value="AIF1RX2" />
		<ctl name="AMP Gain" value="15dB" />
	</path>

	<path name="speaker-reverse">
		<path name="speaker" />
	</path>

	<path name="speaker-safe">
		<path name="speaker" />
	</path>

	<path name="speaker-mic">
		<path name="mic1" />
	</path>

	<path name="handset">
		<ctl name="Mods Codec Volume" value="0" />
		<ctl name="AIF1TX1 Input 2" value="SLIMRX1" />
		<ctl name="AIF1TX1 Input 2 Volume" value="32" />
		<ctl name="AMP Gain" value="3dB" />
		<ctl name="OSPL Rx" value="Disable" />
	</path>

	<path name="handset-mic">
		<path name="mic1" />
	</path>

	<path name="headphones">
		<ctl name="SLIM_5_RX Channels" value="Two" />
		<ctl name="ISRC2INT1 Input" value="SLIMRX5" />
		<ctl name="OUT1L Input 1" value="ISRC2INT1" />
		<ctl name="ISRC2INT2 Input" value="SLIMRX6" />
		<ctl name="OUT1R Input 1" value="ISRC2INT2" />
		<ctl name="OUT1 Digital Volume" id="0" value="116" />
		<ctl name="OUT1 Digital Volume" id="1" value="116" />
		<ctl name="OUT1 Digital Switch" id="0" value="1" />
		<ctl name="OUT1 Digital Switch" id="1" value="1" />
	</path>

	<path name="line">
		<path name="headphones" />
		<ctl name="OUT1 Digital Volume" id="0" value="128" />
		<ctl name="OUT1 Digital Volume" id="1" value="128" />
		</path>

	<path name="headset-mic">
		<path name="AOV" />
		<ctl name="IN1R Mux" value="B" />
		<ctl name="IN1R Digital Volume" value="142" />
		<ctl name="IN1R Volume" value="16" />
		<ctl name="SLIMTX1 Input 1" value="ISRC2DEC4" />
	</path>

	<path name="sidetone-handset">
		<ctl name="SLIMBUS_0_RX Port Mixer SLIM_0_TX" value="1" />
		<ctl name="SLIM0 LOOPBACK Volume" value="48" />
	</path>

	<path name="sidetone-hac-handset">
		<path name="sidetone-handset" />
	</path>

	<path name="voice-handset">
		<path name="handset" />
	</path>

	<path name="voice-hac-handset">
		<path name="voice-handset" />
	</path>

	<path name="voice-handset-tmus">
		<path name="voice-handset" />
	</path>

	<path name="voice-speaker">
		<path name="speaker" />
	</path>

	<path name="voice-speaker-hfp">
		<path name="voice-speaker" />
	</path>

	<path name="voice-speaker-mic">
		<path name="speaker-mic" />
	</path>

	<path name="voice-headphones">
		<ctl name="SLIM_0_RX Channels" value="One" />
		<ctl name="ISRC2INT1 Input" value="SLIMRX1" />
		<ctl name="OUT1L Input 1" value="ISRC2INT1" />
		<ctl name="OUT1R Input 1" value="ISRC2INT1" />
		<ctl name="OUT1 Digital Volume" id="0" value="128" />
		<ctl name="OUT1 Digital Volume" id="1" value="128" />
		<ctl name="OUT1 Digital Switch" id="0" value="1" />
		<ctl name="OUT1 Digital Switch" id="1" value="1" />
		<ctl name="OSPL Rx" value="Disable" />
	</path>

	<path name="voice-line">
		<path name="voice-headphones" />
	</path>

	<path name="voice-headset-mic">
		<path name="headset-mic" />
	</path>

	<path name="speaker-and-headphones">
		<path name="speaker" />
		<ctl name="SLIM_0_RX Channels" value="Two" />
		<ctl name="ISRC2INT1 Input" value="SLIMRX1" />
		<ctl name="OUT1L Input 1" value="ISRC2INT1" />
		<ctl name="ISRC2INT2 Input" value="SLIMRX2" />
		<ctl name="OUT1R Input 1" value="ISRC2INT2" />
		<ctl name="OUT1 Digital Volume" id="0" value="98" />
		<ctl name="OUT1 Digital Volume" id="1" value="98" />
		<ctl name="OUT1 Digital Switch" id="0" value="1" />
		<ctl name="OUT1 Digital Switch" id="1" value="1" />
	</path>

	<path name="speaker-and-line">
		<path name="speaker-and-headphones" />
		<ctl name="OUT1 Digital Volume" id="0" value="128" />
		<ctl name="OUT1 Digital Volume" id="1" value="128" />
	</path>

	<path name="afe-proxy">
	</path>

	<path name="hdmi">
	</path>

	<path name="voice-rec-mic">
		<path name="handset-mic" />
	</path>

	<path name="camcorder-mic">
		<path name="speaker-mic" />
	</path>

	<path name="bt-sco-headset">
	</path>

	<path name="bt-sco-mic">
	</path>

	<path name="bt-sco-headset-wb">
	</path>

	<path name="bt-sco-mic-wb">
	</path>

	<path name="capture-fm">
	</path>

	<path name="voice-rx">
	</path>

	<path name="voice-tx">
	</path>

	<!-- Dual MIC devices -->

	<path name="voice-dmic-ef">
		<path name="AOV" />
		<ctl name="SLIM_0_TX Channels" value="Three" />
		<ctl name="SLIMTX1 Input 1" value="ISRC2DEC1" />
		<ctl name="SLIMTX2 Input 1" value="ISRC2DEC2" />
		<ctl name="SLIMTX3 Input 1" value="ISRC2DEC4" />
	</path>

	<path name="voice-dmic-ef-tmus">
		<path name="voice-dmic-ef" />
	</path>

	<path name="speaker-dmic-endfire">
		<path name="AOV" />
		<ctl name="SLIM_0_TX Channels" value="Two" />
		<ctl name="SLIMTX1 Input 1" value="ISRC2DEC1" />
		<ctl name="SLIMTX2 Input 1" value="ISRC2DEC4" />
	</path>

	<path name="dmic-endfire">
		<path name="voice-dmic-ef" />
	</path>

	<path name="voice-speaker-dmic-ef">
		<path name="speaker-dmic-endfire" />
	</path>

	<path name="voice-speaker-mic-hfp">
		<path name="voice-speaker-dmic-ef" />
	</path>

	<path name="voice-rec-dmic-ef">
		<path name="voice-dmic-ef" />
	</path>

	<path name="voice-rec-dmic-ef-fluence">
		<path name="voice-dmic-ef" />
	</path>

	<path name="camcorder-mic-bf">
		<path name="AOV" />
		<ctl name="SLIM_0_TX Channels" value="Two" />
		<ctl name="SLIMTX1 Input 1" value="ISRC2DEC2" />
		<ctl name="SLIMTX2 Input 1" value="ISRC2DEC4" />
		<ctl name="IN2L Volume" value="12" />
		<ctl name="IN1R Volume" value="12" />
	</path>

	<path name="three-mic">
		<path name="AOV" />
		<ctl name="SLIM_0_TX Channels" value="Three" />
		<ctl name="SLIMTX1 Input 1" value="ISRC2DEC1" />
		<ctl name="SLIMTX2 Input 1" value="ISRC2DEC2" />
		<ctl name="SLIMTX3 Input 1" value="ISRC2DEC4" />
	</path>

	<path name="unprocessed-mic">
		<path name="mic1" />
	</path>

	<path name="unprocessed-stereo-mic">
		<path name="speaker-dmic-endfire" />
	</path>

	<path name="unprocessed-three-mic">
		<path name="three-mic" />
	</path>

	<path name="unprocessed-headset-mic">
		<path name="headset-mic" />
	</path>

	<!-- TTY devices -->
	<path name="tty-headphones">
		<path name="voice-headphones" />
	</path>

	<path name="voice-tty-full-headphones">
		<ctl name="TTY Mode" value="FULL" />
		<path name="tty-headphones" />
	</path>

	<path name="voice-tty-vco-headphones">
		<ctl name="TTY Mode" value="VCO" />
		<path name="tty-headphones" />
	</path>

	<path name="voice-tty-hco-handset">
		<ctl name="TTY Mode" value="HCO" />
		<path name="voice-handset" />
	</path>

	<path name="voice-tty-full-headset-mic">
		<path name="AOV" />
		<ctl name="SLIMTX1 Input 1" value="ISRC2DEC4" />
		<ctl name="IN1R Mux" value="B" />
		<ctl name="IN1R Digital Volume" value="128" />
		<ctl name="IN1R Volume" value="0" />
	</path>

	<path name="voice-tty-hco-headset-mic">
		<path name="voice-tty-full-headset-mic" />
	</path>

	<path name="voice-tty-vco-handset-mic">
		<path name="handset-mic" />
	</path>

	<!-- Added for ADSP testfwk -->
	<path name="ADSP testfwk">
		<ctl name="SLIMBUS_DL_HL Switch" value="1" />
	</path>

	<!-- MOD devices -->
	<path name="mod-speaker">
		<!-- GB_AUDIO_DEVICE_OUT_LOUDSPEAKER -->
		<ctl name="Mods Enable Output Devices" value="1" />
	</path>

	<path name="mod-voice-speaker">
		<path name="mod-speaker" />
	</path>

	<path name="mod-voice-speaker-extref">
		<path name="mod-speaker" />
	</path>

	<path name="mod-headphones">
		<!-- GB_AUDIO_DEVICE_OUT_HEADSET -->
		<ctl name="Mods Enable Output Devices" value="2" />
	</path>

	<path name="mod-line">
		<!-- GB_AUDIO_DEVICE_OUT_LINE -->
		<ctl name="Mods Enable Output Devices" value="4" />
	</path>

	<path name="mod-hdmi">
		<!-- GB_AUDIO_DEVICE_OUT_HDMI -->
		<ctl name="Mods Enable Output Devices" value="8" />
	</path>

	<path name="mod-handset">
		<!-- GB_AUDIO_DEVICE_OUT_EARPIECE -->
		<ctl name="Mods Enable Output Devices" value="16" />
	</path>

	<path name="mod-spkr-mod-headphones">
		<!-- LOUDSPEAKER | HEADSET -->
		<ctl name="Mods Enable Output Devices" value="3" />
	</path>

	<path name="mod-spkr-mod-line">
		<!-- LOUDSPEAKER | LINE -->
		<ctl name="Mods Enable Output Devices" value="5" />
	</path>

	<path name="mod-spkr-mod-hdmi">
		<!-- LOUDSPEAKER | HDMI -->
		<ctl name="Mods Enable Output Devices" value="9" />
	</path>

	<path name="mod-speaker-int-headphones">
		<path name="mod-speaker" />
		<path name="headphones" />
	</path>

	<path name="mod-speaker-int-line">
		<path name="mod-speaker" />
		<path name="line" />
	</path>

	<path name="int-speaker-mod-headphones">
		<path name="speaker" />
		<path name="mod-headphones" />
	</path>

	<path name="int-speaker-mod-line">
		<path name="speaker" />
		<path name="mod-line" />
	</path>

	<path name="int-speaker-mod-hdmi">
		<path name="speaker" />
		<path name="mod-hdmi" />
	</path>

	<path name="mod-speaker-int-hdmi">
		<path name="mod-speaker" />
	</path>

	<path name="mod-speaker-int-mic">
		<path name="voice-speaker-dmic-ef" />
	</path>

	<path name="mod-voice-speaker-int-mic">
		<path name="voice-speaker-dmic-ef" />
	</path>

	<path name="mod-mic">
		<!-- GB_AUDIO_DEVICE_IN_MIC -->
		<ctl name="Mods Enable Input Devices" value="1" />
	</path>

	<path name="mod-voice-mic">
		<path name="mod-mic" />
		<ctl name="Mods Set Capture Use Case" value="Voice" />
	</path>

	<path name="mod-mic-ec">
		<ctl name="Mods Set Capture Use Case" value="Voice" />
		<!-- GB_AUDIO_DEVICE_IN_MIC_EC -->
		<ctl name="Mods Enable Input Devices" value="32" />
	</path>

	<path name="mod-mic-voice-rec-ec">
		<ctl name="Mods Set Capture Use Case" value="Voice-Rec" />
		<!-- GB_AUDIO_DEVICE_IN_MIC_EC -->
		<ctl name="Mods Enable Input Devices" value="32" />
	</path>

	<path name="mod-mic-ns">
		<ctl name="Mods Set Capture Use Case" value="Voice" />
		<!-- GB_AUDIO_DEVICE_IN_MIC_NS -->
		<ctl name="Mods Enable Input Devices" value="128" />
	</path>

	<path name="mod-mic-voice-rec-ns">
		<ctl name="Mods Set Capture Use Case" value="Voice-Rec" />
		<!-- GB_AUDIO_DEVICE_IN_MIC_NS -->
		<ctl name="Mods Enable Input Devices" value="128" />
	</path>

	<path name="mod-mic-ecns">
		<ctl name="Mods Set Capture Use Case" value="Voice" />
		<!-- GB_AUDIO_DEVICE_IN_MIC_ECNS -->
		<ctl name="Mods Enable Input Devices" value="64" />
	</path>

	<path name="mod-mic-raw">
		<path name="mod-mic" />
		<ctl name="Mods Set Capture Use Case" value="Raw" />
	</path>

	<path name="mod-mic-voice-rec">
		<path name="mod-mic" />
		<ctl name="Mods Set Capture Use Case" value="Voice-Rec" />
	</path>

	<path name="mod-mic-ambisonic">
		<!-- GB_AUDIO_DEVICE_IN_CAMCORDER_MIC -->
		<ctl name="Mods Enable Input Devices" value="4" />
		<ctl name="Mods Set Capture Use Case" value="Ambisonic" />
	</path>

	<path name="mod-camcorder">
		<!-- GB_AUDIO_DEVICE_IN_CAMCORDER_MIC -->
		<ctl name="Mods Enable Input Devices" value="4" />
		<ctl name="Mods Set Capture Use Case" value="Camcorder" />
	</path>

	<path name="mod-capture-fm">
		<!-- GB_AUDIO_DEVICE_IN_FM_TUNER -->
		<ctl name="Mods Enable Input Devices" value="16" />
	</path>

	<path name="mod-headset-mic">
		<!-- GB_AUDIO_DEVICE_IN_HEADSET_MIC -->
		<ctl name="Mods Enable Input Devices" value="2" />
	</path>

	<path name="mod-voice-headset-mic">
		<path name="mod-headset-mic" />
		<ctl name="Mods Set Capture Use Case" value="Voice" />
	</path>

	<path name="mod-headset-mic-raw">
		<path name="mod-headset-mic" />
		<ctl name="Mods Set Capture Use Case" value="Raw" />
	</path>

	<path name="mod-headset-mic-voice-rec">
		<path name="mod-headset-mic" />
		<ctl name="Mods Set Capture Use Case" value="Voice-Rec" />
	</path>
</mixer>
